{
    "loss": [
        0.3095721900463104,
        0.2921486794948578,
        0.2995350956916809,
        0.2857886254787445,
        0.2919612526893616,
        0.29218047857284546,
        0.28409120440483093,
        0.27871453762054443,
        0.2811695337295532,
        0.2781347930431366,
        0.26634934544563293,
        0.2708796262741089,
        0.2672370672225952,
        0.2652950584888458,
        0.2630392014980316,
        0.2645002007484436,
        0.25126516819000244,
        0.2575088143348694,
        0.24421651661396027,
        0.24930693209171295,
        0.2561706304550171,
        0.24254432320594788,
        0.25561806559562683,
        0.2555348873138428,
        0.2477053552865982,
        0.2376004010438919,
        0.2679287791252136,
        0.24939484894275665,
        0.23749582469463348,
        0.2494489848613739,
        0.22665910422801971,
        0.22375568747520447,
        0.22024333477020264,
        0.2366027981042862,
        0.23371554911136627,
        0.22364415228366852,
        0.2271101474761963,
        0.22784613072872162,
        0.23401664197444916
    ],
    "accuracy": [
        0.9120000004768372,
        0.9240000247955322,
        0.9240000247955322,
        0.9259999990463257,
        0.9240000247955322,
        0.921999990940094,
        0.921999990940094,
        0.9200000166893005,
        0.9200000166893005,
        0.9240000247955322,
        0.9259999990463257,
        0.9279999732971191,
        0.9300000071525574,
        0.9279999732971191,
        0.9279999732971191,
        0.9340000152587891,
        0.9359999895095825,
        0.9300000071525574,
        0.9300000071525574,
        0.9200000166893005,
        0.9300000071525574,
        0.9340000152587891,
        0.9200000166893005,
        0.9240000247955322,
        0.9300000071525574,
        0.9259999990463257,
        0.9240000247955322,
        0.921999990940094,
        0.9259999990463257,
        0.921999990940094,
        0.9340000152587891,
        0.9319999814033508,
        0.9399999976158142,
        0.9279999732971191,
        0.9279999732971191,
        0.9300000071525574,
        0.9279999732971191,
        0.9340000152587891,
        0.9300000071525574
    ],
    "val_loss": [
        0.6353261470794678,
        0.6903586387634277,
        0.642862856388092,
        0.6810868978500366,
        0.8008438944816589,
        0.6201621890068054,
        0.7910012006759644,
        0.7900424003601074,
        0.8971898555755615,
        0.7765055894851685,
        0.7120521664619446,
        1.018001914024353,
        0.5576344728469849,
        0.9361026287078857,
        0.47413694858551025,
        1.0346202850341797,
        0.8344433903694153,
        0.44316965341567993,
        0.4053012430667877,
        0.39312833547592163,
        0.3605930209159851,
        0.9107990264892578,
        0.6387877464294434,
        0.6606440544128418,
        0.4608336091041565,
        0.3613532781600952,
        0.6092674136161804,
        0.32486552000045776,
        0.28780123591423035,
        0.8403463959693909,
        1.3376092910766602,
        1.6032344102859497,
        1.719419002532959,
        0.9840513467788696,
        2.5952110290527344,
        2.045877456665039,
        2.0147390365600586,
        3.8745980262756348,
        0.5836982131004333
    ],
    "val_accuracy": [
        0.5184444189071655,
        0.45133334398269653,
        0.5228888988494873,
        0.4682222306728363,
        0.4162222146987915,
        0.5673333406448364,
        0.4188888967037201,
        0.41955554485321045,
        0.4113333225250244,
        0.42755556106567383,
        0.47822222113609314,
        0.4144444465637207,
        0.6913333535194397,
        0.4193333387374878,
        0.7737777829170227,
        0.4228888750076294,
        0.4793333411216736,
        0.8068888783454895,
        0.8584444522857666,
        0.8762221932411194,
        0.8982222080230713,
        0.585777759552002,
        0.7200000286102295,
        0.7155555486679077,
        0.8888888955116272,
        0.8953333497047424,
        0.6797778010368347,
        0.8820000290870667,
        0.9131110906600952,
        0.6586666703224182,
        0.5837777853012085,
        0.5839999914169312,
        0.5839999914169312,
        0.8022222518920898,
        0.5837777853012085,
        0.5837777853012085,
        0.5837777853012085,
        0.5837777853012085,
        0.8237777948379517
    ]
}